Symbol,Name,MarCap
069500,KODEX 200,216956
360750,TIGER 미국S&P500,157976
396500,TIGER 반도체TOP10,96757
133690,TIGER 미국나스닥100,85449
379800,KODEX 미국S&P500,83486
102110,TIGER 200,81713
459580,KODEX CD금리액티브(합성),81176
488770,KODEX 머니마켓액티브,79829
229200,KODEX 코스닥150,67059
278530,KODEX 200TR,64822
379810,KODEX 미국나스닥100,63819
122630,KODEX 레버리지,63271
411060,ACE KRX금현물,49503
357870,TIGER CD금리투자KIS(합성),46579
310970,TIGER MSCI Korea TR,46250
091160,KODEX 반도체,44560
423160,KODEX KOFR금리액티브(합성),44252
498400,KODEX 200타겟위클리커버드콜,43942
233740,KODEX 코스닥150레버리지,43859
381180,TIGER 미국필라델피아반도체나스닥,40717
273130,KODEX 종합채권(AA-이상)액티브,39942
381170,TIGER 미국테크TOP10 INDXX,39752
148020,RISE 200,35766
360200,ACE 미국S&P500,34861
458730,TIGER 미국배당다우존스,32115
0043B0,TIGER 머니마켓액티브,30613
367380,ACE 미국나스닥100,28861
481050,KODEX CD1년금리플러스액티브(합성),28753
102780,KODEX 삼성그룹,28374
161510,PLUS 고배당주,27552
455890,RISE 머니마켓액티브,25260
292150,TIGER 코리아TOP10,24518
449170,TIGER KOFR금리액티브(합성),24440
487240,KODEX AI전력핵심설비,23971
395160,KODEX AI반도체,23136
278540,KODEX MSCI Korea TR,21984
232080,TIGER 코스닥150,21972
214980,KODEX 단기채권PLUS,20763
305720,KODEX 2차전지산업,20180
385540,RISE 종합채권(A-이상)액티브,19962
466920,SOL 조선TOP3플러스,19181
453850,ACE 미국30년국채액티브(H),18020
449450,PLUS K방산,17931
395270,HANARO Fn K-반도체,17827
294400,KIWOOM 200TR,17783
487230,KODEX 미국AI전력핵심인프라,16601
488080,TIGER 반도체TOP10레버리지,16434
284430,KODEX 200미국채혼합,16041
329200,TIGER 리츠부동산인프라,15876
475630,TIGER CD1년금리액티브(합성),15827
315930,KODEX Top5PlusTR,15525
441640,KODEX 미국배당커버드콜액티브,15229
0072R0,TIGER KRX금현물,15160
477080,RISE CD금리액티브(합성),14772
494310,KODEX 반도체레버리지,14768
152100,PLUS 200,14719
105190,ACE 200,14656
0117L0,KODEX 26-12 금융채(AA-이상)액티브,14524
456600,TIME 글로벌AI인공지능액티브,14517
379780,RISE 미국S&P500,13821
144600,KODEX 은선물(H),13713
157450,TIGER 단기통안채,13367
486290,TIGER 미국나스닥100타겟데일리커버드콜,13303
371460,TIGER 차이나전기차SOLACTIVE,13219
368590,RISE 미국나스닥100,13045
426030,TIME 미국나스닥100액티브,12641
305540,TIGER 2차전지테마,12268
457480,ACE 테슬라밸류체인액티브,11966
436140,SOL 종합채권(AA-이상)액티브,11942
448330,KODEX 삼성전자채권혼합,11890
446770,ACE 글로벌반도체TOP4 Plus,11882
455850,SOL AI반도체소부장,11444
0139F0,TIGER 12월자동연장금융채(AA-이상)액티브,11397
102970,KODEX 증권,11288
469830,SOL 초단기채권액티브,11083
465580,ACE 미국빅테크TOP7 Plus,10902
356540,ACE 종합채권(AA-이상)액티브,10786
139260,TIGER 200 IT,10765
476550,TIGER 미국30년국채커버드콜액티브(H),10598
451540,TIGER 종합채권(AA-이상)액티브,10530
445290,KODEX 로봇액티브,10460
252670,KODEX 200선물인버스2X,10383
472150,TIGER 배당커버드콜액티브,10298
466940,TIGER 은행고배당플러스TOP10,10215
494890,KODEX 200액티브,10125
091230,TIGER 반도체,9937
434730,HANARO 원자력iSelect,9936
495050,RISE 코리아밸류업,9899
0163Y0,KoAct 코스닥액티브,9891
463250,TIGER K방산&우주,9660
438080,ACE 미국S&P500미국채혼합50액티브,9628
497570,TIGER 미국필라델피아AI반도체나스닥,9566
226490,KODEX 코스피,9546
0162Z0,RISE 삼성전자SK하이닉스채권혼합50,9440
446720,SOL 미국배당다우존스,9171
390390,KODEX 미국반도체,9125
481060,KODEX 미국30년국채타겟커버드콜(합성 H),8804
0091P0,TIGER 코리아원자력,8797
371160,TIGER 차이나항셍테크,8747
114800,KODEX 인버스,8710
0061Z0,RISE 단기특수은행채액티브,8639
462330,KODEX 2차전지산업레버리지,8516
475720,RISE 200위클리커버드콜,8323
479520,RISE KOFR금리액티브(합성),8292
444200,SOL 코리아메가테크액티브,8192
449180,KODEX 미국S&P500(H),8169
462010,TIGER 2차전지소재Fn,8135
402970,ACE 미국배당다우존스,8036
251600,PLUS 고배당주채권혼합,8020
237350,KODEX 코스피100,7954
441800,TIME Korea플러스배당액티브,7860
069660,KIWOOM 200,7698
272580,TIGER 단기채권액티브,7683
0117V0,TIGER 코리아AI전력기기TOP3플러스,7615
479080,1Q 머니마켓액티브,7577
153130,KODEX 단기채권,7427
494300,KODEX 미국나스닥100데일리커버드콜OTM,7361
138540,TIGER 현대차그룹플러스,7350
494670,TIGER 조선TOP10,7338
458760,TIGER 미국배당다우존스타겟커버드콜2호,7125
498410,KODEX 금융고배당TOP10타겟위클리커버드콜,7086
385560,RISE KIS국고채30년Enhanced,7064
495850,KODEX 코리아밸류업,6872
314250,KODEX 미국빅테크10(H),6743
0105E0,SOL 코리아고배당,6723
456610,TIGER 미국달러SOFR금리액티브(합성),6474
471230,KODEX 국고채10년액티브,6423
455030,KODEX 미국달러SOFR금리액티브(합성),6398
438100,ACE 미국나스닥100미국채혼합50액티브,6396
487340,ACE 머니마켓액티브,6393
469150,ACE AI반도체TOP3+,6358
438330,TIGER 우량회사채액티브,6320
0131V0,1Q 미국우주항공테크,6301
364980,TIGER 2차전지TOP10,6269
0025N0,TIGER TDF2045 적격,6140
0127P0,ACE 미국대형성장주액티브,6091
447770,TIGER 테슬라채권혼합Fn,5977
484790,KODEX 미국30년국채액티브(H),5942
491010,TIGER 글로벌AI전력인프라액티브,5896
476800,KODEX 한국부동산리츠인프라,5863
0080G0,KODEX 방산TOP10,5839
458250,TIGER 미국30년국채스트립액티브(합성 H),5833
483280,KODEX 미국AI테크TOP10타겟커버드콜,5749
0048J0,KODEX 미국머니마켓액티브,5736
0148J0,TIGER 코리아휴머노이드로봇산업,5682
473290,KODEX 26-12 회사채(AA-이상)액티브,5616
482730,TIGER 미국S&P500타겟데일리커버드콜,5585
451000,PLUS 종합채권(AA-이상)액티브,5555
480260,TIGER 27-04회사채(A+이상)액티브,5549
114260,KODEX 국고채3년,5461
462900,KoAct 바이오헬스케어액티브,5412
329750,TIGER 미국달러단기채권액티브,5402
091180,KODEX 자동차,5387
449190,KODEX 미국나스닥100(H),5321
315960,RISE 대형고배당10TR,5198
434060,KODEX TDF2050액티브 적격,5174
474220,TIGER 미국테크TOP10타겟커버드콜,5094
423920,TIGER 미국필라델피아반도체레버리지(합성),5084
251350,KODEX MSCI선진국,5070
293180,HANARO 200,5066
490590,RISE 미국AI밸류체인데일리고정커버드콜,5042
270810,RISE 코스닥150,5019
0052D0,TIGER 코리아배당다우존스,4981
0162Y0,TIME 코스닥액티브,4928
471990,KODEX AI반도체핵심장비,4906
448290,TIGER 미국S&P500(H),4854
295040,SOL 200TR,4810
091170,KODEX 은행,4768
489250,KODEX 미국배당다우존스,4766
469070,RISE AI&로봇,4700
365780,ACE 국고채10년,4651
148070,KIWOOM 국고채10년,4606
132030,KODEX 골드선물(H),4591
496080,TIGER 코리아밸류업,4553
361580,RISE 200TR,4497
0167A0,SOL AI반도체TOP2플러스,4495
0023A0,SOL 미국양자컴퓨팅TOP10,4479
277630,TIGER 코스피,4465
241180,TIGER 일본니케이225,4352
490490,SOL 미국배당미국채혼합50,4345
157500,TIGER 증권,4266
499660,TIGER CD금리플러스액티브(합성),4246
442580,PLUS 글로벌HBM반도체,4213
0177N0,KODEX 삼성전자SK하이닉스채권혼합50,4207
484880,SOL 금융지주플러스고배당,4191
279530,KODEX 고배당주,4096
478150,TIME 글로벌우주테크&방산액티브,4082
0098F0,KODEX 원자력SMR,4076
0007F0,KODEX 27-12 회사채(AA-이상)액티브,4038
307520,TIGER 지주회사,3979
466950,TIGER 글로벌AI액티브,3978
477050,PLUS 머니마켓액티브,3978
461490,RISE 글로벌자산배분액티브,3954
453810,KODEX 인도Nifty50,3939
385510,KODEX 신재생에너지액티브,3932
0053L0,TIGER 차이나휴머노이드로봇,3875
454780,KIWOOM 종합채권(AA-이상)액티브,3841
463050,TIME K바이오액티브,3838
453870,TIGER 인도니프티50,3801
139230,TIGER 200 중공업,3697
0167Z0,KODEX 미국우주항공,3676
0046A0,TIGER 미국초단기(3개월이하)국채,3673
433500,ACE 원자력TOP10,3662
0040Y0,SOL 팔란티어커버드콜OTM채권혼합,3661
439860,KODEX ESG종합채권(A-이상)액티브,3631
290130,RISE ESG사회책임투자,3625
0060H0,TIGER 토탈월드스탁액티브,3601
302450,RISE 코스피,3592
473330,SOL 미국30년국채커버드콜(합성),3584
472160,TIGER 미국테크TOP10 INDXX(H),3547
456880,ACE 미국달러SOFR금리(합성),3542
442320,RISE 글로벌원자력,3521
439870,KODEX 국고채30년액티브,3516
0144L0,KODEX 미국성장커버드콜액티브,3507
491620,RISE 미국테크100데일리고정커버드콜,3461
441680,TIGER 미국나스닥100커버드콜(합성),3441
0016X0,SOL 중단기회사채(A-이상)액티브,3411
475080,KODEX 테슬라커버드콜채권혼합액티브,3385
472170,TIGER 미국테크TOP10채권혼합,3363
273140,KODEX 단기변동금리부채권액티브,3348
421320,PLUS 우주항공&UAM,3318
448300,TIGER 미국나스닥100(H),3294
418660,TIGER 미국나스닥100레버리지(합성),3219
451060,1Q 200액티브,3209
481190,SOL 미국테크TOP10,3209
472870,RISE 미국30년국채엔화노출(합성 H),3192
437080,KODEX 미국종합채권ESG액티브(H),3183
228790,TIGER 화장품,3172
363570,KODEX 장기종합채권(AA-이상)액티브,3168
245710,ACE 베트남VN30(합성),3154
394670,TIGER 글로벌리튬&2차전지SOLACTIVE(합성),3148
435420,TIGER 미국나스닥100채권혼합Fn,3142
0122W0,RISE 26-11 회사채(AA-이상)액티브,3137
385720,TIME 코스피액티브,3125
123320,TIGER 레버리지,3112
0038A0,KODEX 미국휴머노이드로봇,3096
485540,KODEX 미국AI테크TOP10,3041
385550,RISE 단기채권알파액티브,3036
0015B0,KoAct 미국나스닥성장기업액티브,3014
0094K0,TIGER 28-04 회사채(A+이상)액티브,2966
476760,ACE 미국30년국채액티브,2873
244580,KODEX 바이오,2872
493810,TIGER 미국AI빅테크10타겟데일리커버드콜,2855
0101N0,RISE AI전력인프라,2849
458260,TIGER 미국투자등급회사채액티브(H),2846
0093A0,RISE AI반도체TOP10,2822
283580,KODEX 차이나CSI300,2819
448630,RISE 삼성그룹Top3채권혼합,2816
489030,PLUS 고배당주위클리커버드콜,2812
213610,KODEX 삼성그룹밸류,2806
364970,TIGER 바이오TOP10,2776
310960,TIGER 200TR,2775
488980,SOL 26-12 회사채(AA-이상)액티브,2770
433330,SOL 미국S&P500,2768
495230,KoAct 코리아밸류업액티브,2749
486450,SOL 미국AI전력인프라,2724
473460,KODEX 미국서학개미,2715
233160,TIGER 코스닥150 레버리지,2692
0051G0,SOL 미국원자력SMR,2678
302190,TIGER 중장기국채,2652
0000J0,PLUS 한화그룹주,2622
196230,RISE 단기통안채,2614
463290,1Q 단기금융채액티브,2612
0052S0,1Q 미국S&P500미국채혼합50액티브,2609
0064K0,KODEX 금액티브,2595
0026S0,1Q 미국S&P500,2581
329650,KODEX TRF3070,2569
0153K0,KODEX 주주환원고배당주,2552
0047A0,TIGER 차이나테크TOP10,2545
422420,RISE 2차전지액티브,2533
448540,ACE 엔비디아채권혼합,2525
266160,RISE 고배당,2496
0089D0,KODEX 금융고배당TOP10,2480
461950,KODEX 2차전지핵심소재10,2478
261260,KODEX 미국달러선물인버스2X,2453
498270,KIWOOM 미국양자컴퓨팅,2422
354500,ACE 코스닥150,2384
305080,TIGER 미국채10년선물,2370
426020,TIME 미국S&P500액티브,2345
483320,ACE 엔비디아밸류체인액티브,2323
271050,KODEX WTI원유선물인버스(H),2297
0048K0,KODEX 차이나휴머노이드로봇,2292
409820,KODEX 미국나스닥100레버리지(합성 H),2291
466930,SOL 자동차TOP3플러스,2266
332930,HANARO 200TR,2258
497880,SOL CD금리&머니마켓액티브,2252
476450,KIWOOM 머니마켓액티브,2251
491610,1Q CD금리액티브(합성),2228
0043Y0,TIME 차이나AI테크액티브,2220
0040X0,SOL 팔란티어미국채커버드콜혼합,2199
160580,TIGER 구리실물,2197
472920,HK 종합채권(AA-이상)액티브,2190
396520,TIGER 차이나반도체FACTSET,2188
388420,RISE 비메모리반도체액티브,2180
471040,KoAct 글로벌AI&로봇액티브,2178
272560,RISE 단기국공채액티브,2158
200250,KIWOOM 인도Nifty50(합성),2130
474590,WON 반도체밸류체인액티브,2129
496020,WON 전단채플러스액티브,2111
190620,ACE 단기통안채,2109
0123G0,TIGER 미국AI전력SMR,2102
490090,TIGER 미국AI빅테크10,2085
267770,TIGER 200선물레버리지,2075
0008S0,TIGER 미국배당다우존스타겟데일리커버드콜,2057
414780,TIGER 차이나과창판STAR50(합성),2056
452360,SOL 미국배당다우존스(H),2052
0111P0,1Q 미국나스닥100미국채혼합50액티브,2051
461270,ACE 26-06 회사채(AA-이상)액티브,2019
117700,KODEX 건설,1988
471760,TIGER AI반도체핵심공정,1961
143860,TIGER 헬스케어,1956
0092C0,SOL 27-12 회사채(AA-이상)액티브,1952
367760,RISE 네트워크인프라,1926
464240,KIWOOM 26-09회사채(AA-이상)액티브,1898
0167B0,SOL 200타겟위클리커버드콜,1884
483340,ACE 구글밸류체인액티브,1881
332500,ACE 200TR,1878
0092B0,SOL 한국원자력SMR,1876
304660,KODEX 미국30년국채울트라선물(H),1858
251340,KODEX 코스닥150선물인버스,1832
325020,KODEX 배당가치,1822
0005D0,SOL 전고체배터리&실리콘음극재,1809
237370,KODEX 코리아배당성장채권혼합,1799
480020,ACE 미국빅테크7+데일리타겟커버드콜(합성),1796
0019K0,TIME 미국나스닥100채권혼합50액티브,1786
455860,SOL 2차전지소부장Fn,1784
325010,KODEX 성장주,1778
458210,KIWOOM CD금리액티브(합성),1765
0001S0,TIGER 26-04 회사채(A+이상)액티브,1757
412570,TIGER 2차전지TOP10레버리지,1754
0091C0,KODEX 미국10년국채액티브(H),1752
0080Y0,SOL 조선TOP3플러스레버리지,1715
495060,TIME 코리아밸류업액티브,1679
0104N0,TIGER 200타겟위클리커버드콜,1659
0115D0,KODEX 조선TOP10,1638
243880,TIGER 200IT레버리지,1632
442570,RISE TDF2050액티브 적격,1627
114100,RISE 국고채3년,1626
403790,마이다스 코스피액티브,1616
429000,TIGER 미국S&P500배당귀족,1615
192090,TIGER 차이나CSI300,1615
0005A0,KODEX 미국S&P500데일리커버드콜OTM,1607
0119H0,KODEX 28-12 회사채(AA-이상)액티브,1590
0173Y0,KODEX 미국AI광통신네트워크,1581
182480,TIGER 미국MSCI리츠(합성 H),1574
491820,HANARO 전력설비투자,1573
139220,TIGER 200 건설,1572
372330,KODEX 차이나항셍테크,1566
219480,KODEX 미국S&P500선물(H),1544
0138Y0,PLUS 금채권혼합,1543
480030,ACE 미국500데일리타겟커버드콜(합성),1529
377990,TIGER Fn신재생에너지,1523
483290,KODEX 미국배당다우존스타겟커버드콜,1520
367770,RISE 수소경제테마,1512
451530,TIGER 국고채30년스트립액티브,1512
0162M0,KODEX 금융채1~2년(AA-이상)PLUS액티브,1511
136340,RISE 중기우량회사채,1505
495550,SOL 코리아밸류업TR,1500
319640,TIGER 골드선물(H),1492
411420,KODEX 미국나스닥AI테크액티브,1437
438570,SOL 국고채10년,1429
494220,UNICORN SK하이닉스밸류체인액티브,1420
245340,TIGER 미국다우존스30,1404
0099L0,ACE 우량회사채(AA-이상)액티브,1403
0074K0,KoAct K수출핵심기업TOP30액티브,1375
152870,파워 200,1371
423170,SOL 글로벌AI반도체탑픽액티브,1369
481180,SOL 미국AI소프트웨어,1369
457990,PLUS 태양광&ESS,1364
490480,SOL K방산,1347
309230,ACE 미국WideMoat동일가중,1345
464930,TIGER 글로벌혁신블루칩TOP10,1338
114820,TIGER 국채3년,1329
433980,KODEX TDF2040액티브 적격,1324
0127M0,ACE 미국대형가치주액티브,1315
363580,KODEX 200IT TR,1307
0151P0,RISE 코리아전략산업액티브,1300
0066W0,SOL 국제금,1300
465610,ACE 미국빅테크TOP7 Plus레버리지(합성),1291
469170,ACE 포스코그룹포커스,1286
488500,TIGER 미국S&P500동일가중,1275
475050,ACE KPOP포커스,1273
0151S0,KODEX 미국AI반도체TOP3플러스,1269
168580,ACE 중국본토CSI300,1265
0069M0,1Q 미국나스닥100,1264
328370,PLUS 코스피TR,1258
0131W0,1Q 단기특수은행채액티브,1249
0168K0,TIGER 기술이전바이오액티브,1246
0118Z0,ACE 미국AI테크핵심산업액티브,1246
491230,PLUS 국공채머니마켓액티브,1241
464310,TIGER 글로벌AI&로보틱스 INDXX,1233
130730,KIWOOM 단기자금,1231
465780,마이티 26-09 특수채(AAA)액티브,1225
0132K0,PLUS 테슬라위클리커버드콜채권혼합,1221
0000Y0,HK 26-12 회사채(AA-이상)액티브,1220
0082V0,KODEX TDF2060액티브 적격,1219
495330,1Q 코리아밸류업,1214
261270,KODEX 미국달러선물인버스,1209
278240,RISE 코스닥150선물레버리지,1196
204480,TIGER 차이나CSI300레버리지(합성),1196
0085N0,ACE 미국10년국채액티브(H),1189
480040,ACE 미국반도체데일리타겟커버드콜(합성),1173
473640,HANARO 글로벌금채굴기업,1171
399110,SOL 미국S&P500ESG,1168
394660,TIGER 글로벌자율주행&전기차SOLACTIVE,1163
0176E0,RISE 미국AI전력인프라액티브,1160
454320,HANARO CAPEX설비투자iSelect,1155
496090,KIWOOM 코리아밸류업,1152
304940,KODEX 미국나스닥100선물(H),1148
157490,TIGER 소프트웨어,1143
498180,파워 종합채권(AA-이상)액티브,1142
490600,RISE 미국배당100데일리고정커버드콜,1141
481430,RISE 국고채10년액티브,1139
448100,WON 200,1128
479730,TIGER 인도빌리언컨슈머,1107
211900,KODEX 코리아배당성장,1090
228810,TIGER 미디어컨텐츠,1086
495710,BNK 26-06 특수채(AAA이상)액티브,1086
0094M0,RISE 코리아밸류업위클리고정커버드콜,1081
0135Y0,ITF 중기종합채권(AA-이상)액티브,1080
337160,KODEX 200ESG,1078
304780,HANARO 200선물레버리지,1073
0036R0,RISE 미국휴머노이드로봇,1068
308620,KODEX 미국10년국채선물,1066
364960,TIGER BBIG,1061
468380,KODEX iShares미국하이일드액티브,1051
0115E0,KODEX 코리아소버린AI,1049
359210,KODEX 코스피TR,1048
461500,HANARO 종합채권(AA-이상)액티브,1047
0091M0,HANARO 27-06 회사채(AA-이상)액티브,1040
138520,TIGER 삼성그룹,1038
401170,RISE 메타버스,1022
0098N0,PLUS 자사주매입고배당주,1015
447620,SOL 미국TOP5채권혼합50,1011
0018C0,PLUS 고배당주위클리고정커버드콜,1007
122090,PLUS 코스피50,995
329660,KODEX TRF5050,988
203780,TIGER 미국나스닥바이오,983
332940,HANARO MSCI Korea TR,976
0035T0,PLUS 글로벌휴머노이드로봇액티브,971
441540,HANARO Fn조선해운,970
0132H0,KODEX 미국원자력SMR,970
211560,TIGER 배당성장,966
195980,PLUS 신흥국MSCI(합성 H),962
0111J0,HANARO 증권고배당TOP3플러스,958
0086B0,TIGER 리츠부동산인프라TOP10액티브,957
0113D0,TIME 글로벌탑픽액티브,952
143850,TIGER 미국S&P500선물(H),942
0085P0,ACE 미국10년국채액티브,938
266420,KODEX 헬스케어,930
492500,1Q 현대차그룹채권(A+이상)&국고통안,928
108450,ACE 삼성그룹섹터가중,928
476850,KoAct 배당성장액티브,927
326240,RISE IT플러스,921
210780,TIGER 코스피고배당,918
269540,PLUS 미국S&P500(H),914
453330,RISE 미국S&P500(H),909
494330,ACE 라이프자산주주가치액티브,891
473440,ACE 11월만기자동연장회사채AA-이상액티브,880
0052T0,1Q 중단기회사채(A-이상)액티브,873
0017Y0,1Q 종합채권(AA-이상)액티브,873
412770,TIGER 글로벌AI플랫폼액티브,866
0100K0,KODEX 방산TOP10레버리지,866
440910,WON 미국우주항공방산,865
494840,TIGER 미국방산TOP10,864
329670,KODEX TRF7030,858
272910,ACE 중장기국공채액티브,853
261220,KODEX WTI원유선물(H),853
0007N0,아이엠에셋 200,852
460960,ACE 글로벌인컴TOP10,850
0089C0,KODEX 미국S&P500변동성확대시커버드콜,848
0022T0,SOL 국제금커버드콜액티브,847
476030,SOL 미국나스닥100,847
0049M0,ACE 미국배당퀄리티+커버드콜액티브,838
471780,TIGER 코리아테크액티브,838
475300,SOL 반도체전공정,837
252400,RISE 200선물레버리지,836
228800,TIGER 여행레저,835
475310,SOL 반도체후공정,833
465330,RISE 2차전지TOP10,827
433970,KODEX TDF2030액티브 적격,822
0142D0,TIGER 미국AI데이터센터TOP4Plus,816
0102A0,TIGER 미국AI소프트웨어TOP4Plus,813
461460,PLUS 국고채10년액티브,812
491700,HK 200,802
486240,DAISHIN343 AI반도체&인프라액티브,797
476750,ACE 미국30년국채엔화노출액티브(H),789
261070,TIGER 코스닥150바이오테크,784
401470,KODEX 메타버스액티브,781
0005G0,ITF K-AI반도체코어테크,774
0021E0,ACE TDF2050액티브 적격,760
485690,RISE 미국AI밸류체인TOP3Plus,757
261240,KODEX 미국달러선물,752
475280,ACE 8월만기자동연장회사채AA-이상액티브,741
306950,KODEX KRX300레버리지,738
495040,PLUS 코리아밸류업,731
0154F0,WON 초대형IB&금융지주,731
445150,KODEX 친환경조선해운액티브,721
456680,TIGER 차이나전기차레버리지(합성),719
453080,KIWOOM 미국나스닥100(H),712
419890,KIWOOM 단기채권ESG액티브,704
337140,KODEX 코스피대형주,703
444490,WON 미국S&P500,701
298770,KODEX 한국대만IT프리미어,699
0008T0,SOL 화장품TOP3플러스,695
475350,RISE 버크셔포트폴리오TOP10,693
463680,KODEX 미국S&P500테크놀로지,688
150460,TIGER 중국소비테마,688
0041D0,KODEX 미국AI소프트웨어TOP10,688
440640,ACE 단기채권알파액티브,684
0139P0,ACE 고배당주,683
252650,KODEX 200동일가중,682
292190,KODEX KRX300,680
298340,PLUS 국채선물3년,672
266370,KODEX IT,668
0000Z0,RISE 바이오TOP10액티브,667
434960,DAISHIN343 K200,660
225040,TIGER 미국S&P500레버리지(합성 H),660
488720,WON 종합채권(AA-이상)액티브,653
0104H0,KoAct 미국나스닥채권혼합50액티브,651
0041E0,KODEX 미국S&P500액티브,639
447430,ACE 주주환원가치주액티브,637
275980,TIGER 글로벌4차산업혁신기술(합성 H),636
487750,BNK 온디바이스AI,635
0080X0,SOL 미국S&P500미국채혼합50,632
295020,RISE 국채선물10년인버스,629
365040,TIGER AI코리아그로스액티브,625
0000D0,TIGER 엔비디아미국채커버드콜밸런스(합성),625
0057H0,PLUS 미국S&P500미국채혼합50액티브,624
495750,HANARO 코리아밸류업,624
0123S0,HANARO 26-12 은행채(AA+이상)액티브,621
473590,ACE 미국주식베스트셀러,620
458030,WON 국공채머니마켓액티브,618
371470,TIGER 차이나바이오테크SOLACTIVE,611
455660,ACE 미국하이일드액티브(H),609
486830,HANARO 머니마켓액티브,607
415920,PLUS 글로벌희토류&전략자원생산기업,603
453640,KODEX 미국S&P500헬스케어,598
0068M0,KODEX 미국S&P500버퍼6월액티브,597
139320,TIGER 금은선물(H),595
455960,RISE 미국달러SOFR금리액티브(합성),594
472830,RISE 미국30년국채커버드콜(합성),594
0007G0,PLUS 글로벌원자력밸류체인,594
498860,RISE 코리아금융고배당,593
278620,PLUS 단기채권액티브,590
458750,TIGER 미국배당다우존스타겟커버드콜1호,584
400970,TIGER Fn메타버스,584
218420,KODEX 미국S&P500에너지(합성),581
101280,KODEX 일본TOPIX100,580
277640,TIGER 코스피대형주,577
152500,ACE 레버리지,573
139280,TIGER 경기방어,555
449770,KIWOOM 미국S&P500,552
365000,TIGER 인터넷TOP10,546
352540,KODEX 일본부동산리츠(H),544
316670,KIWOOM 코스닥150,542
452250,ACE 미국30년국채선물레버리지(합성 H),539
426150,WON 대한민국국고채액티브,536
395170,KODEX Top10동일가중,533
0067V0,TIGER 차이나글로벌리더스TOP3+,533
474800,KIWOOM 미국원유에너지기업,528
0113P0,HK 머니마켓액티브,525
375770,KODEX 탄소효율그린뉴딜,524
140700,KODEX 보험,523
114470,KIWOOM 국고채3년,523
0098Z0,FOCUS 200,520
0046Y0,ACE 미국배당퀄리티,519
256750,KODEX 차이나심천ChiNext(합성),519
104530,KIWOOM 고배당,515
0118S0,SOL 미국넥스트테크TOP10액티브,512
438560,SOL 국고채3년,511
138910,KODEX 구리선물(H),508
322410,HANARO K고배당,505
200030,KODEX 미국S&P500산업재(합성),503
475260,ACE 2월만기자동연장회사채AA-이상액티브,501
491220,PLUS 200TR,497
0152E0,SOL 배당성향탑픽액티브,493
253250,KIWOOM 200선물레버리지,492
496770,PLUS 글로벌방산,491
433880,PLUS TDF2060액티브 적격,484
450910,SOL 코스닥150,479
475070,KoAct 글로벌친환경전력인프라액티브,476
448570,FOCUS AI코리아액티브,474
139270,TIGER 200 금융,473
322400,HANARO e커머스,471
465350,RISE 2차전지TOP10인버스(합성),469
428510,KODEX 차이나AI테크액티브,468
453950,TIGER TSMC파운드리밸류체인,466
253150,PLUS 200선물레버리지,465
123310,TIGER 인버스,464
469060,RISE 미국반도체NYSE,457
407830,에셋플러스 글로벌플랫폼액티브,455
495940,RISE 미국AI테크액티브,453
479850,HANARO K-뷰티,448
464470,PLUS 미국채30년액티브,444
276990,KODEX 글로벌로봇(합성),444
0020H0,KoAct 글로벌양자컴퓨팅액티브,443
475270,ACE 5월만기자동연장회사채AA-이상액티브,443
0166N0,PLUS 코스닥150액티브,443
266360,KODEX K콘텐츠,441
453650,KODEX 미국S&P500금융,440
292560,TIGER 일본엔선물,438
385590,ACE ESG액티브,437
461340,HANARO 글로벌생성형AI액티브,436
122260,KIWOOM 통안채1년,434
174360,RISE 중국본토대형주CSI100,429
0166S0,PLUS K제조업핵심기업액티브,429
410870,TIME K컬처액티브,429
440650,ACE 미국달러단기채권액티브,428
476690,TIGER 글로벌비만치료제TOP2Plus,425
480310,TIGER 글로벌온디바이스AI,424
0040S0,HANARO 글로벌피지컬AI액티브,423
0083S0,1Q 미국메디컬AI,421
0172V0,1Q 은액티브,420
336160,RISE 금융채액티브,418
419430,KODEX 차이나2차전지MSCI(합성),416
395290,HANARO Fn K-POP&미디어,416
489290,WON 미국빌리어네어,415
476070,KODEX 글로벌비만치료제TOP2 Plus,412
437070,KODEX 아시아달러채권ESG플러스액티브,409
140950,파워 코스피100,407
099140,KODEX 차이나H,401
261140,TIGER 우선주,400
261120,TIGER 미국달러선물인버스2X,400
0141S0,SOL 조선기자재,399
429760,PLUS 미국S&P500,398
0104P0,TIGER 코리아배당다우존스위클리커버드콜,398
261060,TIGER 코스닥150IT,398
275300,KODEX 우량주,396
442260,마이티 다이나믹퀀트액티브,392
196030,ACE 일본TOPIX레버리지(H),388
252710,TIGER 200선물인버스2X,388
305050,ACE 코스피,387
139250,TIGER 200 에너지화학,381
459750,RISE 글로벌주식분산액티브,380
238720,ACE 일본Nikkei225(H),379
152380,KODEX 국채선물10년,376
479620,SOL 미국AI반도체칩메이커,375
245360,TIGER 차이나HSCEI,373
276970,KODEX 미국S&P500배당귀족커버드콜(합성 H),370
195930,TIGER 유로스탁스50(합성 H),369
0150K0,KoAct 수소전력ESS인프라액티브,367
449780,KIWOOM 미국S&P500(H),360
147970,TIGER 모멘텀,357
0155M0,ACE 미국SMR원자력TOP10,356
117460,KODEX 에너지화학,355
360140,KODEX 200롱코스닥150숏선물,355
0047R0,RISE 팔란티어고정테크100,351
241390,RISE V&S셀렉트밸류채권혼합,351
156080,KODEX MSCI Korea,350
414270,ACE 글로벌자율주행액티브,350
261250,KODEX 미국달러선물레버리지,350
468630,KODEX iShares미국투자등급회사채액티브,349
0013R0,RISE 테슬라미국채타겟커버드콜혼합(합성),349
0137V0,KIWOOM 미국S&P500모멘텀,348
487130,KoAct AI인프라액티브,346
461600,SOL 미국30년국채액티브(H),346
204450,KODEX 차이나H레버리지(H),344
0104G0,PLUS K방산레버리지,343
192720,파워 고배당저변동성,343
0162L0,KODEX 차이나AI반도체TOP10,338
461450,KODEX 코스닥글로벌,337
385520,KODEX 자율주행액티브,335
388280,RISE K엔터&여행레저,335
368190,HANARO Fn K-뉴딜디지털플러스,334
0023B0,PLUS 미국양자컴퓨팅TOP10,333
473490,KIWOOM 글로벌AI반도체,333
287180,PLUS 미국나스닥테크,332
256440,ACE MSCI인도네시아(합성),331
483420,ACE 애플밸류체인액티브,331
446700,RISE 배터리 리사이클링,330
0036D0,TIME 미국배당다우존스액티브,329
300950,KODEX 게임산업,327
0065G0,KODEX 차이나테크TOP10,323
475380,RISE 글로벌리얼티인컴,322
0093D0,KoAct 팔란티어밸류체인액티브,322
227540,TIGER 200 헬스케어,318
364990,TIGER 게임TOP10,318
271060,KODEX 3대농산물선물(H),317
491090,KODEX 미국테크TOP3플러스,317
352560,KODEX 미국부동산리츠(H),317
0144M0,KODEX 미국드론UAM TOP10,317
493420,SOL 미국배당다우존스2호,316
282000,RISE 국고채3년선물인버스,315
245350,TIGER 유로스탁스배당30,315
225130,ACE 골드선물 레버리지(합성 H),315
0097L0,KIWOOM 한국고배당&미국AI테크,312
0138T0,RISE 미국S&P500데일리고정커버드콜,311
105780,RISE 5대그룹주,311
217770,TIGER 원유선물인버스(H),310
304770,HANARO 코스닥150,310
476260,HANARO 반도체핵심공정주도주,309
248270,TIGER S&P글로벌헬스케어(합성),309
100910,KIWOOM KRX100,308
0183J0,TIGER 미국우주테크,307
411540,SOL 200 Top10,305
472840,ITF 200,302
280930,KODEX 미국러셀2000(H),302
0141T0,SOL 중기종합채권(AA-이상)액티브,301
153270,KIWOOM 코스피100,299
418670,TIGER 글로벌AI사이버보안,298
459560,KODEX 테슬라밸류체인FactSet,298
494410,PLUS 미국S&P500성장주,298
477730,KODEX 인도타타그룹,298
276650,RISE 글로벌테크놀로지(합성 H),298
442560,RISE TDF2040액티브 적격,295
449690,TIGER 한중반도체(합성),295
117680,KODEX 철강,292
167860,KIWOOM 국고채10년레버리지,292
0155N0,HANARO K휴머노이드테마TOP10,291
438320,TIGER 차이나항셍테크레버리지(합성 H),290
275280,KODEX 모멘텀주,289
0103T0,1Q K소버린AI,288
269420,KODEX S&P글로벌인프라(합성),287
223190,KODEX 200가치저변동,286
437350,RISE 미국단기투자등급회사채액티브,285
471460,KIWOOM 국고채30년액티브,285
0107F0,KIWOOM 미국고배당&AI테크,282
300640,RISE 게임테마,278
284980,RISE 200금융,277
387270,TIGER 글로벌이노베이션액티브,277
0088N0,WON K-글로벌수급상위,276
497780,KoAct 미국천연가스인프라액티브,275
138230,KIWOOM 미국달러선물,273
289480,TIGER 200커버드콜,272
459790,KIWOOM 미국성장기업30액티브,270
226980,KODEX 200 중소형,267
461580,TIGER 코스닥글로벌,267
183700,RISE 채권혼합,266
0153X0,PLUS 미국고배당주액티브,266
415760,SOL 차이나육성산업액티브(합성),265
446690,KODEX 아시아AI반도체exChina액티브,261
0137W0,KIWOOM 미국S&P500&GOLD,261
491830,TIGER 미국AI반도체팹리스,258
415340,KODEX 차이나과창판STAR50(합성),258
219390,RISE 미국S&P원유생산기업(합성 H),257
363510,SOL KIS단기통안채,257
195970,PLUS 선진국MSCI(합성 H),255
360150,KODEX 코스닥150롱코스피200숏선물,255
275290,KODEX 가치주,253
252000,TIGER 200동일가중,252
481340,RISE 미국30년국채액티브,251
277540,ACE 아시아TOP50,249
138530,TIGER LG그룹플러스,249
145850,TREX 펀더멘탈 200,249
442090,에셋플러스 코리아대장장이액티브,247
483570,KCGI 미국S&P500 TOP10,247
272570,RISE 중장기국공채액티브,245
102960,KODEX 기계장비,244
407310,HANARO 200 TOP10,242
445910,TIGER MKF배당귀족,240
496120,ACE 코리아밸류업,239
450190,KODEX 한중반도체(합성),239
465660,TIGER 일본반도체FACTSET,234
0089B0,PLUS 미국나스닥100미국채혼합50,234
445690,BNK 주주가치액티브,233
469050,RISE 미국반도체NYSE(H),232
091220,TIGER 은행,231
253290,RISE 헬스케어채권혼합,231
236350,TIGER 인도니프티50레버리지(합성),230
0112X0,마이티 200TR,227
457690,KODEX 33-06 국고채액티브,226
463300,RISE 중국본토CSI300,225
185680,KODEX 미국S&P바이오(합성),224
469790,KIWOOM K-테크TOP10,222
433220,에셋플러스 글로벌대장장이액티브,221
440340,TIGER 글로벌멀티에셋TIF액티브,220
169950,KODEX 차이나A50,220
391670,HK 베스트일레븐액티브,219
464920,PLUS 일본반도체소부장,219
130680,TIGER 원유선물Enhanced(H),218
0026E0,KODEX 미국S&P500버퍼3월액티브,217
0049K0,ACE 미국배당퀄리티채권혼합50,216
292500,SOL KRX300,216
489000,PLUS 일본엔화초단기국채(합성),216
0051A0,KoAct 브로드컴밸류체인액티브,216
419650,PLUS 글로벌수소&차세대연료전지,214
292160,TIGER KRX300,213
417630,TIGER KEDI혁신기업ESG30,209
488200,KIWOOM K-2차전지북미공급망,209
0047P0,RISE 테슬라고정테크100,208
404260,KODEX 기후변화솔루션,208
364690,KODEX 혁신기술테마액티브,207
0084E0,KIWOOM 미국대형주500월간목표헤지액티브,207
159800,마이티 코스피100,207
332620,PLUS 미국장기우량회사채,206
396510,TIGER 차이나클린에너지SOLACTIVE,205
385600,ACE 2차전지&친환경차액티브,203
229720,KODEX KTOP30,202
0115C0,RISE 미국고배당다우존스TOP10,200
292050,RISE KRX300,196
266410,KODEX 필수소비재,196
376410,TIGER 탄소효율그린뉴딜,194
477490,에셋플러스 글로벌일등기업포커스10액티브,194
289040,KODEX MSCI KOREA ESG유니버설,193
375760,HANARO 탄소효율그린뉴딜,193
491510,파워 K-주주가치액티브,192
367740,HANARO Fn5G산업,191
108590,TREX 200,187
337120,KODEX 멀티팩터,186
468370,KODEX iShares미국인플레이션국채액티브,185
461910,PLUS 미국테크TOP10레버리지(합성),185
337150,KODEX 200exTOP,184
453820,KODEX 인도Nifty50레버리지(합성),183
448490,HANARO 32-10 국고채액티브,182
0090B0,PLUS K방산소부장,182
213630,PLUS 미국다우존스고배당주(합성 H),182
291130,ACE MSCI멕시코(합성),182
0028X0,KODEX 미국금융테크액티브,180
0067Y0,TIGER 차이나AI소프트웨어,180
276000,TIGER 글로벌자원생산기업(합성 H),180
0021D0,ACE TDF2030액티브 적격,180
289250,TIGER MSCI KOREA ESG유니버설,179
449580,RISE 테슬라애플아마존채권혼합,179
371450,TIGER 글로벌클라우드컴퓨팅INDXX,178
0153P0,ACE 리츠부동산인프라액티브,178
461900,PLUS 미국테크TOP10,177
464600,SOL 자동차소부장Fn,177
460660,RISE 미국S&P배당킹,177
387280,TIGER 퓨처모빌리티액티브,176
400570,KODEX 유럽탄소배출권선물ICE(H),175
0015F0,KIWOOM 팔란티어미국30년국채혼합액티브(H),175
250730,RISE 차이나HSCEI(H),175
483330,ACE 마이크로소프트밸류체인액티브,173
494420,PLUS 미국배당증가성장주데일리커버드콜,173
407820,에셋플러스 코리아플랫폼액티브,172
239660,PLUS 우량회사채50,169
371150,RISE 차이나항셍테크,168
469160,ACE 일본반도체,167
304760,HANARO KRX300,166
104520,KIWOOM 블루칩,166
289260,TIGER MSCI KOREA ESG리더스,166
438900,HANARO Fn K-푸드,165
0018Z0,RISE 미국양자컴퓨팅,165
453630,KODEX 미국S&P500필수소비재,165
183710,RISE 주식혼합,164
0086C0,TIGER 리츠부동산인프라10채권혼합액티브,164
447660,PLUS 애플채권혼합,163
195920,TIGER 일본TOPIX(합성 H),162
453010,PLUS KOFR금리,162
0164G0,RISE 차이나AI반도체TOP4Plus,162
482030,KoAct 반도체&2차전지핵심소재액티브,162
474920,에셋플러스 차이나일등기업포커스10액티브,161
463640,KODEX 미국S&P500유틸리티,160
442550,RISE TDF2030액티브 적격,160
227830,PLUS 코스피,160
0000H0,KODEX 인도Nifty미드캡100,160
487950,KODEX 대만테크고배당다우존스,158
265690,ACE 러시아MSCI(합성),158
409810,KODEX 미국나스닥100선물인버스(H),158
354350,HANARO 글로벌럭셔리S&P(합성),157
0013P0,RISE 미국은행TOP10,157
0094L0,RISE 차이나테크TOP10위클리타겟커버드콜,156
381560,HANARO Fn전기&수소차,156
498050,HANARO 바이오코리아액티브,155
472720,TRUSTON 주주가치액티브,155
422260,VITA MZ소비액티브,154
225060,TIGER 이머징마켓MSCI레버리지(합성 H),153
432840,HANARO 미국S&P500,153
280320,ACE 미국IT인터넷(합성 H),153
0001P0,마이티 바이오시밀러&CDMO액티브,152
228820,TIGER KTOP30,152
300610,TIGER K게임,151
0094X0,1Q 샤오미밸류체인액티브,151
0113G0,KoAct 미국바이오헬스케어액티브,149
140580,RISE 우량업종대표주,149
244620,KODEX 모멘텀Plus,147
404120,TIME K신재생에너지액티브,147
290080,RISE 200고배당커버드콜ATM,147
131890,ACE 삼성그룹동일가중,146
417450,RISE 글로벌수소경제,144
0105D0,SOL 한국AI소프트웨어,143
234310,RISE V&S셀렉트밸류,142
416090,ACE 중국과창판STAR50,141
457700,KODEX 53-09 국고채액티브,141
354240,RISE 미국고정배당우선증권,141
0177X0,ACE K휴머노이드로봇산업TOP2+,140
371870,ACE 차이나항셍테크,140
419420,KODEX 미국클린에너지나스닥,140
496130,TRUSTON 코리아밸류업액티브,139
404650,SOL KRX기후변화솔루션,138
451600,PLUS 국고채30년액티브,137
0127V0,KIWOOM 미국S&P500 TOP10&배당다우비중전환,136
435040,ACE 글로벌브랜드TOP10,136
281990,RISE 중소형고배당,135
373490,KODEX 코리아혁신성장액티브,135
269370,TIGER S&P글로벌인프라(합성),134
413930,WON AI ESG액티브,134
137610,TIGER 농산물선물Enhanced(H),132
166400,TIGER 200커버드콜OTM,131
428560,KODEX 미국ETF산업Top10 Indxx,131
484890,SOL 머니마켓액티브,130
453660,KODEX 미국S&P500경기소비재,130
140710,KODEX 운송,129
332610,PLUS 미국단기회사채(AAA~A),129
0087F0,ACE 차이나AI빅테크TOP2+액티브,129
0127T0,KIWOOM 미국S&P500&배당다우존스비중전환,129
301400,PLUS 코스닥150,127
380340,ACE 코리아AI테크핵심산업,127
395760,PLUS ESG성장주액티브,127
0021C0,ACE TDF장기자산배분액티브,126
0133E0,TIGER 차이나증권,126
261110,TIGER 미국달러선물레버리지,125
279540,KODEX 최소변동성,125
465670,TIGER 미국캐시카우100,125
0182R0,1Q K반도체TOP2+,125
0182S0,1Q K반도체TOP2채권혼합50,124
269530,PLUS S&P글로벌인프라,123
464610,SOL 의료기기소부장Fn,123
0093B0,RISE 엔비디아고정테크100,123
379790,RISE 유로스탁스50(H),122
456250,KODEX 유럽명품TOP10 STOXX,122
251590,PLUS 고배당저변동50,122
114460,ACE 국고채3년,122
466810,BNK 2차전지양극재,122
385710,TIME K이노베이션액티브,122
453060,HANARO KOFR금리액티브(합성),121
395150,KODEX 웹툰&드라마,120
310080,RISE 중국MSCI China(H),120
463690,KODEX 미국S&P500커뮤니케이션,120
0177A0,WON 두산그룹포커스,120
292770,KODEX 국채선물3년인버스,119
0138D0,RISE 동학개미,119
105010,TIGER 라틴35,119
0172Y0,ACE K수출핵심TOP10산업액티브,118
0004G0,1Q 미국배당TOP30,118
0008E0,ACE 미국중심중소형제조업,117
494180,TIME 글로벌소비트렌드액티브,117
449680,TIGER 한중전기차(합성),116
215620,HK S&P코리아로우볼,116
280920,PLUS 주도업종,115
430500,KIWOOM 물가채KIS,115
485810,TIME 글로벌바이오액티브,114
0120J0,BNK 카카오그룹포커스,114
253280,RISE 헬스케어,114
487910,ACE 인도컨슈머파워액티브,113
451150,에셋플러스 글로벌영에이지액티브,113
0180V0,ACE 미국우주테크액티브,112
0127R0,RISE 미국AI클라우드인프라,112
0047N0,PLUS 차이나AI테크TOP10,112
494340,ACE 글로벌AI맞춤형반도체,111
395280,HANARO Fn K-게임,110
480460,WON 한국부동산TOP3플러스,108
117690,TIGER 차이나항셍30,108
399580,RISE 글로벌클린에너지,107
460270,KIWOOM 미국달러SOFR금리액티브(합성),107
411860,KIWOOM 독일DAX,106
285690,FOCUS ESG리더스,105
489860,KIWOOM 글로벌전력GRID인프라,105
225800,KIWOOM 미국달러선물레버리지,105
237440,TIGER 경기방어채권혼합,105
0166T0,PLUS 글로벌저작권핵심기업액티브,104
341850,TIGER 리츠부동산인프라채권,102
266390,KODEX 경기소비재,102
326230,RISE 내수주플러스,102
0176P0,FOCUS AI반도체위클리고정커버드콜,102
181480,ACE 미국부동산리츠(합성 H),101
0002C0,에셋플러스 인도일등기업포커스20액티브,101
375270,RISE 글로벌데이터센터리츠(합성),100
230480,KIWOOM 미국달러선물인버스2X,100
0082F0,HANARO 유럽방산,99
488290,마이다스 일본테크액티브,99
140570,RISE 수출주,99
0102X0,ACE 유럽방산TOP10,98
435550,KIWOOM TDF2050액티브 적격,97
429740,PLUS K리츠,97
139290,TIGER 200 경기소비재,96
250780,TIGER 코스닥150선물인버스,95
270800,RISE KQ고배당,95
174350,TIGER 로우볼,94
429010,TIGER 미국나스닥넥스트100,93
433250,UNICORN R&D 액티브,93
487920,ACE 인도시장대표BIG5그룹액티브,93
0174R0,KIWOOM 미국성장다우존스,92
437370,RISE 글로벌농업경제,91
390400,KODEX 미국스마트모빌리티S&P,91
450180,KODEX 한중전기차(합성),91
381570,HANARO Fn친환경에너지,91
451670,RISE 국채30년레버리지(합성),91
0036Z0,RISE 미국천연가스밸류체인,90
497510,ACE 글로벌빅파마,88
0053M0,더제이 중소형포커스액티브,88
0005C0,RISE 미국S&P500엔화노출(합성 H),88
457930,BNK 미래전략기술액티브,88
0084D0,KIWOOM 미국테크100월간목표헤지액티브,88
227570,TIGER 우량가치,88
494210,SOL 미국500타겟데일리커버드콜액티브,88
483020,KIWOOM 의료AI,87
429980,SOL 한국형글로벌전기차&2차전지액티브,87
435540,KIWOOM TDF2040액티브 적격,86
499150,SOL 미국S&P500엔화노출(H),85
438740,마이다스 중소형액티브,85
0174B0,KoAct 글로벌AI메모리반도체액티브,85
0154H0,KoAct 차이나바이오헬스케어액티브,84
182490,TIGER 단기선진하이일드(합성 H),83
139240,TIGER 200 철강소재,83
462340,에셋플러스 글로벌다이나믹시니어액티브,82
256450,PLUS 심천차이넥스트(합성),82
291630,KIWOOM 코스닥150선물레버리지,82
404540,TIGER KRX기후변화솔루션,82
219900,ACE 중국본토CSI300레버리지(합성),81
368680,KODEX K-뉴딜디지털플러스,80
497520,ACE 일라이릴리밸류체인,80
0073X0,FOCUS 알리바바미국채커버드콜혼합,80
217780,TIGER 차이나CSI300인버스(합성),80
435530,KIWOOM TDF2030액티브 적격,77
0132D0,KoAct 글로벌K컬처밸류체인액티브,75
244670,KODEX 밸류Plus,75
413220,SOL 차이나태양광CSI(합성),75
488480,RISE 일본섹터TOP4Plus,74
391600,ACE 미국친환경그린테마,74
395750,PLUS ESG가치주액티브,73
243890,TIGER 200에너지화학레버리지,73
316300,ACE 싱가포르리츠,73
0174J0,DAISHIN343 오피스리츠플러스,73
402460,HANARO Fn K-메타버스MZ,72
189400,PLUS 글로벌MSCI(합성 H),71
304670,KODEX 미국30년국채울트라선물인버스(H),70
0078V0,PLUS 미국로보택시,69
314700,HANARO 농업융복합산업,69
0131A0,SOL 차이나소비트렌드,69
456200,PLUS 미국달러SOFR금리액티브(합성),69
176950,KODEX 국채선물10년인버스,69
407300,HANARO Fn골프테마,65
400590,SOL 글로벌탄소배출권선물ICE(합성),65
474390,SOL 국고채30년액티브,65
307510,TIGER 의료기기,65
139660,KIWOOM 미국달러선물인버스,63
289670,PLUS 국채선물10년,63
138920,KODEX 콩선물(H),59
306530,HANARO 코스닥150선물레버리지,58
295000,RISE 국채선물10년,58
483030,KIWOOM 미국블록버스터바이오테크의약품+,57
469530,RISE 미국달러선물인버스,56
0114X0,RISE 글로벌게임테크TOP3Plus,55
432600,RISE 국채선물3년,55
220130,SOL 차이나강소기업CSI500(합성 H),55
261920,ACE MSCI필리핀(합성),54
0128D0,PLUS 차이나항셍테크위클리타겟커버드콜,54
321410,KODEX 멀티에셋하이인컴(H),54
0015E0,KIWOOM 엔비디아미국30년국채혼합액티브(H),54
267450,RISE 미국장기국채선물인버스(H),54
427120,RISE AI플랫폼,53
401590,HANARO 글로벌탄소배출권선물ICE(합성),53
225030,TIGER 미국S&P500선물인버스(H),53
400580,SOL 유럽탄소배출권선물S&P(H),53
334690,RISE 팔라듐선물(H),52
291890,KODEX MSCI EM선물(H),52
397420,RISE 국채선물5년추종,52
476000,UNICORN 포스트IPO액티브,52
244660,KODEX 퀄리티Plus,52
476310,RISE 글로벌비만산업TOP2+,52
483240,TIGER 미국나스닥100ETF선물,51
498610,RISE 인도디지털성장,51
315270,TIGER 200커뮤니케이션서비스,51
266550,PLUS 중형주저변동50,51
267440,RISE 미국장기국채선물(H),50
227550,TIGER 200 산업재,49
205720,ACE 일본TOPIX인버스(합성 H),48
277650,TIGER 코스피중형주,48
0015K0,TIGER 미국소비트렌드액티브,47
373790,KIWOOM 미국방어배당성장나스닥,47
227560,TIGER 200 생활소비재,47
226380,ACE Fn성장소비주도주,46
488210,KIWOOM K-반도체북미공급망,46
0010E0,ACE FTSE WGBI Korea,45
252420,RISE 200선물인버스2X,45
490330,KoAct 미국치매&뇌질환치료제액티브,44
225050,TIGER 유로스탁스레버리지(합성 H),44
0050E0,PLUS 미국AI에이전트,40
238670,PLUS 스마트베타Quality채권혼합,40
267490,RISE 미국장기국채선물레버리지(합성 H),39
291680,RISE 차이나H선물인버스(H),38
470310,UNICORN 생성형AI강소기업액티브,37
252410,RISE 200선물인버스,37
491630,RISE 미국반도체인버스(합성 H),37
145670,ACE 인버스,36
454180,KIWOOM 차이나내수소비TOP CSI,35
424460,HANARO 글로벌워터MSCI(합성),33
0079X0,ACE BYD밸류체인액티브,32
280940,KODEX 골드선물인버스(H),29
489010,PLUS 글로벌AI인프라,29
253230,KIWOOM 200선물인버스2X,28
452440,VITA 밸류알파액티브,28
291620,KIWOOM 코스닥150선물인버스,23
275750,RISE 코스닥150선물인버스,22
253240,KIWOOM 200선물인버스,19
253160,PLUS 200선물인버스2X,17
334700,RISE 팔라듐선물인버스(H),17
465620,ACE 미국빅테크TOP7 Plus인버스(합성),17
412560,TIGER BBIG레버리지,17
306520,HANARO 200선물인버스,12
301410,PLUS 코스닥150선물인버스,8
